Institución;Titulo;Autor;Grado;Asesor(es);Resumen;Año
Universidad César Vallejo;Evaluación del valor nutricional y sensorial de nuggets a partir de carne de cuy (Cavia porcellus) empanizados con diferentes proporciones de harina de trigo (Triticum aestivum) por harina de soya (Glycine max) y kiwicha granulada (Amaranthus caudatus);Galvez Panta, Miluska Fiorella;Ingeniera Agroindustrial;Cruz Escobedo, Antis Jesus;"En este trabajo de investigación el objetivo principal fue realizar un análisis del valor
nutricional y evaluación sensorial de nuggets de carne de cuy (cavia porcellus)
empanizados con diferentes proporciones de harina de trigo (Triticum aestivum) por
harina de soya (Glycine max) y kiwicha granulada (Amaranthus caudatus). El diseño del
trabajo fue bifactorial. Para el proceso de elaboración se trabajó con la NTP-CODEX
STAN 166:2014: Barritas, Porciones y Filetes de pescado empanizados o rebozados
congelados y la NTP 201.018:2001 de carne y productos cárnicos. Se trabajo con 4
tratamientos de los cuales el nuggets está dividido en masa y empanizado para la
formación de la masa (60%). El T0 como el T1, T2 Y T3 están constituidos por: 90% de
pulpa de cuy molida, 7% de harina de trigo, 1.6% de sal, 1.4% otros condimentos. Para el
empanizado (40%). El T0 está constituido por 24% de huevo,70% de harina de trigo, 1%
de sal, 5% otros condimentos; T1: 24% de huevo, 40% de harina de trigo, 25% de harina
de soya, 5% de kiwicha granulada, 1% de sal, 5% otros condimentos; T2: 24% de huevo,
28% de harina de trigo, 35% de harina de soya, 7% de kiwicha granulada, 1% de sal, 5%
otros condimentos; T3: 24% de huevo, 20% de harina de trigo, 40% de harina de soya,
10% de kiwicha granulada, 1% de sal, 5% otros condimentos. Se utilizó una prueba de
análisis cuantitativo para analizar varios atributos como el sabor, color, textura y
aceptabilidad del nuggets con una escala de categorías no estructurada también llamada
escala hedónica del 1 al 7 según atributo asignado a 50 panelistas no entrenados de la
facultad de ingeniería de la universidad. Para el análisis del valor nutricional a cada
tratamiento de nuggets de carne de cuy. se aplicó un análisis de varianza ANOVA, con
un nivel de confianza de 95% y 5% de error indicando que si existe diferencia significativa
entre los 4 tratamientos. En la evaluación sensorial solo el atributo de sabor y textura no
presentaron diferencia significativa de los 4 tratamientos analizados. Teniendo como
resultado en cuanto al valor nutricional y sensorial al tratamiento 3 como el mejor en los
resultados se obtuvo en proteínas 23.70%, grasas 7.37% y carbohidratos 14.37%
indicando que se encuentra dentro de lo establecido según la norma técnica peruana";2021
Universidad César Vallejo;Caracterización fisicoquímica y propiedades funcionales de harina de dos variedades de habas (Vicia faba) Sincos y Amarilla Molinera;Huamán Cerquera, Luz Celina;Ingeniera Agroindustrial;Lescano Bocanegra, Leslie Cristina;"Las habas (Vicia faba L.) es de origen Mediterráneo adaptado y generando diversas
variedades en la sierra alta del Perú, siendo de consumo habitual ya sea en grano
fresco y seco; debido a su importancia proteica es necesario incluir en la
elaboración de nuevos productos que aporten más nutrientes. Es necesario
caracterizar las harinas para este trabajo se elaboró harina de dos variedades de
habas (Vicia faba L.) Sincos y Amarilla molinera caracterizando así sus propiedades
fisicoquímicas y funcionales tales como proteínas humedad, grasa, fibra,
carbohidratos, pH, °Brix, granulometría y capacidad de absorción de agua (CAA),
capacidad de hinchamiento (CH), capacidad de retención de aceite (CRA). Los
resultados expresados en porcentajes indican que hay una diferencia significativa
(p&lt;0.05) en la mayoría de análisis realizados a ambas muestras siendo el contenido
de proteína 24.5% a 24.0%; humedad 11.16% a 10.23%; grasa, 2.0% a 1.8%; fibra
4.16% a 4.40%; carbohidratos 54.71% a 55.22%; pH 6.57% a 6.77; °Brix 3.13% a
3.07% y granulometría 8% de retención hasta la malla n° 200 para ambas muestras
y en los análisis para características funcionales se determinó (CAA) 0.94 ml/g a
0.87 ml/g, (CH) 45% a 62%, (CRA) 0.96 ml/g a 0.89 ml/g en las harinas de haba
variedad Sincos y Amarilla molinera respectivamente. Concluyendo que la harina
de la variedad Sincos presenta mejores características fisicoquímicas y funcionales
para ser incluida en diversos alimentos.";2019
Universidad César Vallejo;Técnicas de elaboración de un pan tipo molde a base de harina de Cushuro (Nostoc sphaericum) con bajo contenido de carbohidratos: Estudio sistemático;Valentín Guevara, Mary Angel;Ingeniera Agroindustrial;Ulloa Bocanegra, Segundo Gerardo;"Uno de los problemas de elaboración son las técnicas de manejo y el contenido de
carbohidratos en un alimento, esto se debe al bajo consumo de alimentos ricos en
proteínas y minerales, existen un bajo consumo de alimentos andinos que son una
fuente rica de proteínas y aminoácidos esenciales en beneficio de la salud. El
estudio tuvo como objetivo realizar una revisión sistemática de la literatura existente
para identificar las principales técnicas de elaboración de un pan tipo molde a base
de harina de cushuro, empleando una metodología no experimental descriptiva
simple, por ser de orientación transversal, con un diseño retrospectivo, mediante el
uso de técnicas de la observación, mediante la información sistemática de inclusión,
exclusión y calidad, teniendo resultados la técnica de la elaboración del proceso
normal por ser la que menos desnaturaliza las proteínas dentro de las
características fisicoquímicas tenemos: Proteínas 12.94%, grasas 8.77%,
carbohidratos 37.70%, fibra 7.54%, humedad 31.06% y cenizas 2.11% del pan de
cushuro, se concluye, como alternativas viables para mejorar procesos productivos
alimentarios y evitar la desnaturalización de las propiedades nutritivas, luego de
aplicar los criterios de selección e inclusión determinándose 11 ejemplares.";2021
Universidad César Vallejo;Efecto del pretratamiento sobre las características microestructurales y el rendimiento de obtención de azúcares reductores totales de la cascarilla de arroz (oryza sativa l.) Durante el proceso de hidrólisis con celulasa (e.c:3.2.1.4.);Aredo Ortiz, Fernando Antonio;Ingeniero Agroindustrial;Pagador Flores, Sandra Elizabeth;"Se evaluó el efecto del pretratamiento de congelación, alcalinidad y de ambos sobre
las características micro estructurales y el rendimiento de obtención de azúcares
reductores totales de la cascarilla de arroz (Oryza sativa L.) Durante el proceso de
hidrólisis con celulasa (E.C:3.2.1.4.). A la cascarilla de arroz homogénea sin y con
pretratamientos se hidrolizó con 150 U de Celulasa por cada gramo de residuo en
10 ml de acetato por 60 h, a 37 ºC, pH 5.5 y a 100 rpm. Los resultados después de
los pretratamientos se obtuvieron que, el C3 contuvo un mayor % celulosa (62.51 ±
0.3), menor % hemicelulosa (12.44 ± 0.28) y aumento % lignina (24.72 ± 0.14%).
Además, en el análisis de microscopía electrónica se observa mayor división, y
menor aglomeramiento observándose una estructura en forma de red cristalina. Así
mismo tuvo un mayor rendimiento en la obtención de azúcares reductores (673,84
mgART/gsustrato) y un mejor porcentaje de conversión de celulosa con un 97.01% a
comparación de los pretratamientos. Concluyendo estadísticamente, que, si hay
diferencia significativa entre la relación del rendimiento de obtención de azúcares
reductores totales, características microestructurales sobre los pretratamientos.";2020
Universidad César Vallejo;Efecto de la proporción de harinas de tarwi (lupinus mutabilis): yuca (manihot esculenta): arracacha (arracacia xanthorrhiza) sobre las características fisicoquímicas y aceptabilidad general de un snack;Riveros Riveros, Yosmelinda;Ingeniera Agroindustrial;Pagador Flores, Sandra Elizabeth;"El objetivo de esta investigación fue evaluar el efecto de la proporción de harinas
de tarwi (lupinus mutabilis): yuca (manihot esculenta): arracacha (arracacia
xanthorrhiza) sobre sus características fisicoquímicas y aceptabilidad general de un
snack.
Para ello se realizaron tres formulaciones que fueron: F1 (38%: 10%: 52%); F2
(30%: 35%: 35%) y F3 (10 %: 60%: 30%) a los cuales se determinaron: color
utilizando parámetros L*, a*, b*; textura instrumental utilizando parámetro de dureza
en N, % Humedad, % ceniza, % proteína, % grasa, % fibra. Además de una
aceptabilidad general que fue evaluada mediante la prueba Friedman (grupos
relacionados) y Wilcoxon.
Los resultados mostraron que F3 obtuvo el valor más alto en L* (62.532 ± 2.63) y
b* (6.77± 1.46), y en el caso de a* la F1 obtuvo (11.717 ± 0.67). Por otro lado, la F3
obtuvo el mayor valor en textura con 10.324 ± 3.658 N; también un % Humedad de
6.95 ± 0.19c. Por lo contrario, la formulación F1 demostró tener mayor contenido de
Cenizas 3.228 % ± 1.871, Proteína 5% ± 0.04c, Grasa 1.86%± 0.06c, Fibra 1.64%±
0.05c, y reiteradamente F3 resaltó en % de Carbohidratos 81.32± 1.97. En la
aceptabilidad general mostró diferencia significativa (p&lt;0.05) donde F3
(10%:60%:30%) alcanzó la mayor calificación con un promedio de 6.73
correspondiendo al grado de aceptabilidad “me gusta moderadamente”. Se
concluye que si hubo un efecto significativo (p&gt;0.05) en las proporciones de harinas
de tarwi (lupinus mutabilis): yuca (manihot esculenta): arracacha (arracacia
xanthorrhiza).";2020
Universidad César Vallejo;Determinación del valor nutricional y evaluación sensorial de una tortilla a base de harina de trigo (Triticum aestivum) y harina de yuca (Manihot esculenta);Rodríguez Iglesias, Luis Jair;Ingeniero Agroindustrial;Cruz Escobedo, Antis Jesús;"El proyecto consistió en elaborar tortillas a base de harina de trigo y yuca,
con sabor a orégano donde se enfocó en las propiedades nutricionales como
una alternativa de dar el valor agregado a la harina de yuca, siendo dirigido
a personas que gustan en cuidar su salud.
Estas tortillas tuvieron un peso promedio de 25 a 30 gramos donde se enfocó
a análisis nutricionales determinándose en laboratorio autorizado, como
objetivo fue determinar el valor nutricional y evaluación sensorial, fueron
resultados positivos así se demostró en la tabla 3. De una muestra
representativa de 100 g. por tratamiento y se compararon con una MC de
Tortillas de la empresa Bimbo en: Proteínas 4.0%; Grasa 0.0%,
Carbohidratos 27.0%, Fibra Cruda 0.0%, determinándolo con el T1. Arrojo
en: Proteínas 10.32%, Grasa 0.96%, Carbohidratos 77.16%, Fibra Cruda
0.87%; T2 en: Proteínas 9.47%, Grasa 5.06%, Carbohidratos 78%, Fibra
Cruda 0.91%; en el T3 con resultado de: Proteínas 8.49% Grasa, 5.56%,
Carbohidratos 79%, Fibra Cruda 0.95%.
En los análisis sensoriales se realizó mediante 100 panelistas no entrenados
que si consumen frecuentemente tortillas, con la finalidad de tener resultados
proximales, se realizó de 4 – 6 pm ciudad de Cascas y mediante este análisis
se dieron resultados en el sabor, textura y aroma promedio fueron bajo. Se
aplicó el paquete Statistics SPSS Ver. 24, con una confianza del 95% en la
prueba de hipótesis rechaza a la H0, dando resultados &lt; 0.16%. Es por esa
razón que se acepta a la H1, se detallan en la tabla 3 y 6. De los resultados.";2020
Universidad César Vallejo;Valor nutricional del germinado de loctao (Vigna Radiata (L) R. Wilczk) y evaluación de vida útil;Costa Ocas, Isabel del Pilar;Ingeniera Agroindustrial;Cruz Escobedo, Antis Jesús;"La siguiente investigación tuvo como objetivo determinar el valor nutricional del
germinado de loctao (Vigna Radiata L. ) y la vida útil. Durante los últimos años se han
realizados investigaciones y análisis de leguminosas germinadas, estos tienden a
aumentar su valor nutricional. Así es el caso del loctao germinado, este previene
enfermedades de tipo inmune, anemia, osteoporosis y raquitismo, que son causadas por
la carencia de hierro, calcio y zinc. Se realizó la recolección de datos, empleando
artículos científicos, libros, revistas y tesis, además se realizaron análisis fisicoquímicos
y crecimiento de plántula. Después de las observaciones se determinó la curva de
crecimiento de la plántula del germinado de loctao, llegando a medir 73mm. El valor
nutricional del germinado de loctao de energía, proteínas, fibras, carbohidratos,
vitaminas A, vitaminas B6, vitaminas B9, vitaminas C, vitaminas D, vitaminas E,
vitaminas K, calcio, fósforo, hierro, potasio, sodio y humedad del germinado de loctao
fueron de 30Kcal, 3.04g, 1.8g, 5.8g, 20IU, &lt; 0.1mg, 62mg, 14.5mg, 33mg, 13mg, 54mg,
&lt; 0.1 mg, 150mg, 6mg y 93.04% respectivamente. Para determinar la vida útil del
germinado de loctao se distribuyeron tres muestras, en las cuales la primera se almacenó
en una bolsa de polietileno sellada por completo a temperatura ambiente (X1), el
segundo se almacenó en una bolsa de polietileno con orificios a temperatura ambiente
(X2), el tercero almacenó en una bandeja cubierta con papel toalla (X3), tuvo como
mejor resultado de almacenamiento, la muestra X2, donde los brotes resultaron semi
deshidratados y las hojas semi-amarillas.";2021
Universidad César Vallejo;Efecto de la sustitución parcial de Harina de Trigo (Triticum durum) por Harina de Kiwicha (Amaranthus caudatus) y Harina de Cáscara de Maracuyá (Passiflora edulis) en las Características Sensoriales y Calidad Culinaria de fideos tipo fettuccine”;Riveros Gonzales, Yajaira Tatiana;Ingeniera Agroindustrial;Pagador Flores, Sandra Elizabeth;"Esta investigación tuvo como objetivo determinar el efecto de la sustitución parcial
de Harina de Trigo (Triticum durum) por Harina de Kiwicha (Amaranthus caudatus)
y Harina de Cáscara de Maracuyá (Passiflora edulis) en las Características
Sensoriales y Calidad Culinaria de fideos tipo fettuccine. Se empleó un diseño
factorial 3 x 2, sustituyendo dos niveles (15% y 30%) de harina de trigo, con
diferentes proporciones equivalentes (1:14, 2:13 y 3:12) por harina de kiwicha y
harina de cáscara de maracuyá. En calidad culinaria se determinó el tiempo de
cocción, ganancia en peso, grado de hinchamiento y pérdida de sólidos; para las
características sensoriales se utilizó el cuestionario CATA presentando 17
atributos que describen las características sensoriales de la pasta. En el análisis
de datos se utilizaron técnicas multivariadas. Los resultados obtenidos por el
método CATA mostraron que la M505 (1HCM:14HK), M606 (2HCM:13HK) y M707
(3HCM:12HK) constituyen un solo grupo representando un nivel de sustitución del
15% la cual no presenta características sensoriales diferenciables, mientras que
al comparar los fideos que poseen un nivel de sustitución del 30%(M303
(2HCM:28HK) y M101(6HCM:24HK)) y la M404(100%Trigo) presentan
características sensoriales diferenciables. En calidad culinaria se reportó 5 grupos
(cluster), existiendo diferencias significativas entre las muestras. De manera
global la M606 y M505 son estadísticamente iguales teniendo mayores pérdidas
de sólidos “Pédos” y con menor tiempo de cocción “tiión”, mientras que la M101
posee mayor tiempo de cocción “tiión” y humedad “Hudad”. La M404 presento
mayor ganancia en peso “Gaeso” y la M000 fue la que obtuvo menor resultado,
existiendo una relación opuesta entre ellas. En el caso de la M707 y M303 indican
que son estadísticamente iguales. Se concluye que la muestra que presentó
mejores características sensoriales aceptables fue el tratamiento control (100%
Trigo), resultando como guía para mejorar en función a ello y la calidad culinaria
se determinó que a medida se sustituye el trigo por harina de kiwicha y harina de
cáscara de maracuyá aumenta el tiempo de cocción y disminuye la ganancia en
peso, grado de hinchamiento y pérdida de sólidos.";2020
Universidad César Vallejo;Determinación de las características fisicoquímicas de una  conserva a base de yacon (smallanthus sonchifolius) enriquecido  con almíbar de pitahaya (selenicereus megalanthus) y azúcar de  coco (cocos nucifera);Carbajal Salcedo, Lourdes Denisse;Ingeniera Agroindustrial;Cruz Escobedo, Antis Jesús;"La siguiente investigación tuvo como objetivo analizar 2 productos con bajo índice 
glucémico el yacón y pitahaya, se realizaron 3 muestras A, B y C estas son similares 
en relación al pH, en la muestra control hay una ligera variación a 3.32 como 
resultado final a los 30 días, en lo que respecta a la acidez las muestras A y B 
oscilan entre 0.19 a .028 en relación al almacenamiento, la muestra C de 0.19 a 
0.25 y la control de 0.19 a 0.23, en la muestra A, de 0.17 a 20 grados brix, la 
muestra B de 24 a 25° Brix y la muestra C de 28 ° brix 30° brix y con la muestra 
control, va de 18° a 20° brix, la conclusión es que las características fisicoquímicas 
de pH, % acidez y ºbrix, en las conservas almacenadas por períodos de 15 y 30 
días tienen relación con los brix, para constatar esto se usó estadística con análisis 
de aceptabilidad y sensoriales para poder ver de una manera general con 12 
panelistas semi-entrenados, entre los factores fisicoquímicos, y la aceptabilidad, así 
como un pequeño estudio de la vida útil de nuestro producto.";2019
Universidad César Vallejo;Efecto de la atmósfera modificada sobre la vida útil sensorial de espárrago verde (Asparagus Officinalis) mínimamente procesado en cadena de frío por el método de Weibull;Avila Gabriel, Alexander Joel;Ingeniero Agroindustrial;Pagador Flores, Sandra Elizabeth;El Perú lidera la comercialización de espárrago a nivel mundial, debido a ello es imprescindible conocer todas la variables que puedan afectar a la calidad del producto, que decantan en la vida útil del producto, debido a que es un vegetal muy susceptible a los cambio de temperatura y estrés mecánico. En la investigación se somete a prueba las variables de almacenamiento y transporte (transporte directo Perú Holanda y transporte con escala Perú - Holanda), tipo de empaque (con atmosfera modificada pasiva y sin atmosfera modificada), y el tiempo como tercer factor, las evaluaciones se realizaron en 6 sesiones con 30 panelistas no entrenados a una frecuencia de 3 días (0, 3, 6, 9, 12 y 15 días), se evaluaron las condicione fisicoquímicas y cinética de concentración de gases, igualmente se estimó la vida útil de los turiones de espárrago fresco mediante el modelo de Weibull, donde, se evaluó el grado de aceptación y rechazo de los atributos de calidad. De los resultados obtenidos el esparrago puede ser consumido antes de 13 días en un sistema de comercialización sin ruptura de cadena de frio y con envase de atmosfera modificada pasiva.;2019
Universidad César Vallejo;Efecto de la proporción de harinas de tarwi (lupinus mutabilis): yuca (manihot esculenta): arracacha (arracacia xanthorrhiza) sobre las características fisicoquímicas y aceptabilidad general de un snack;Riveros Riveros, Yosmelinda;Ingeniera Agroindustrial;Pagador Flores, Sandra Elizabeth;"El objetivo de esta investigación fue evaluar el efecto de la proporción de harinas de tarwi (lupinus mutabilis): yuca (manihot esculenta): arracacha (arracacia xanthorrhiza) sobre sus características fisicoquímicas y aceptabilidad general de un snack. Para ello se realizaron tres formulaciones que fueron: F1 (38%: 10%: 52%); F2 (30%: 35%: 35%) y F3 (10 %: 60%: 30%) a los cuales se determinaron: color utilizando parámetros L*, a*, b*; textura instrumental utilizando parámetro de dureza en N, % Humedad, % ceniza, % proteína, % grasa, % fibra. Además de una aceptabilidad general que fue evaluada mediante la prueba Friedman (grupos relacionados) y Wilcoxon. Los resultados mostraron que F3 obtuvo el valor más alto en L* (62.532 ± 2.63) y b* (6.77± 1.46), y en el caso de a* la F1 obtuvo (11.717 ± 0.67). Por otro lado, la F3 obtuvo el mayor valor en textura con 10.324 ± 3.658 N; también un % Humedad de 6.95 ± 0.19c. Por lo contrario, la formulación F1 demostró tener mayor contenido de Cenizas 3.228 % ± 1.871, Proteína 5% ± 0.04c, Grasa 1.86%± 0.06c, Fibra 1.64%± 0.05c, y reiteradamente F3 resaltó en % de Carbohidratos 81.32± 1.97. En la aceptabilidad general mostró diferencia significativa (p&lt;0.05) donde F3 (10%:60%:30%) alcanzó la mayor calificación con un promedio de 6.73 correspondiendo al grado de aceptabilidad “me gusta moderadamente”. Se concluye que si hubo un efecto significativo (p&gt;0.05) en las proporciones de harinas de tarwi (lupinus mutabilis): yuca (manihot esculenta): arracacha (arracacia xanthorrhiza).";2020
Universidad César Vallejo;Determinación de las propiedades reológicas, texturales y físicas de las semillas de chía (salvia hispánica) y almidón de oca (oxalis tuberosa) modificado en un yogurt batido;Castro Alvarado, Cesar Anderson;Ingeniero Agroindustrial;Cruz Escobedo, Antis Jesús;"Se investigó la determinación de las propiedades reológicas, texturales y físicas las semillas de chía (Salvia Hispánica) y almidón de oca (Oxalis Tuberosa) modificado en un yogurt batido. En las características reológicas del yogurt batido se utilizó un reómetro digital de la marca Thermo Scientific modelo Haake Mars, en todos los tratamientos, la viscosidad aparente disminuyó con la velocidad de cizalla y el esfuerzo de corte demostrando un comportamiento “no newtoniano”. El índice de comportamiento estuvo en el rango de valores mínimo y máximo 0.5479 y 0.998 (n &lt; 1), el coeficiente de consistencia “k” en el rango de 0.0387 y 20.31 Pa.sn, tensión de fluencia en el rango de 0.09765 y 44.35 Pa. Por otro lado, se evaluó el perfil de textura y se obtuvo valores mínimo y máximo para consistencia 352.72 y 731.92 g.sec, firmeza en el rango de 14,52 y 29.22 g, cohesividad en el rango de -19.26 y -10 g e índice de viscosidad en el rango de -85,49 y -10.61 g.sec.
Finalmente, las características físicas del yogurt batido con un % de sinéresis entre 18.366% a 25.0942% y una densidad entre 1,06538 a 1,07559 g/ml.";2021
Universidad César Vallejo;Efecto de la sustitución de la harina de trigo (Triticum aestivum) por harina de chía (Salvia hispánica), harina de arracacha (Arracacia xanthorrhiza) y harina de quinua (Chenopodium quinoa willd), sobre las características químico proximal y propiedades sensoriales de un pan de molde;Sachun Tafur, Alexandra Margarita;Ingeniera Agroindustrial;Cruz Escobedo, Antis Jesús;"Este proyecto de investigación tuvo como objetivo establecer el efecto de la sustitución de
harina de trigo (Triticum aestivum) por harina de chía (Salvia hispánica), harina de
arracacha (Arracacia xanthorrhiza) y harina de quinua (Chenopodium quinoa), sobre las
características químico proximal y propiedades sensoriales de un pan molde. Se manejaron
tres formulaciones de harina de trigo, chía, arracacha y quinua: T1 (75%,5%,10%,10%); T2:
(80%,5%,5%,10%); T3: (85%,5%,5%,5%) los cuales se determinaron el análisis químico
proximal de: humedad, cenizas, proteínas, grasa, carbohidratos y fibra. Los resultados en
humedad según las formulaciones fueron: T1 (20.47%), T2 (16.18%), T3 (17.37%). La
formulación T1, adquirió mayor porcentaje, seguidamente en el porcentaje de cenizas tubo:
T1 (1.80%), T2 (1.78%), T3 (1.81%), quien obtuvo mayor incremento proteico fue la
formulación T3, el cual se caracteriza por la sustitución de harina de trigo al 85%, a
diferencia del T1 que fue al 75%. Así mismo en el porcentaje de grasa se presentaron los
valores de T1 (3.31%), T2 (3.40%), T3 (3.37%); en cuanto al porcentaje de carbohidratos la
formulación con mayor porcentaje fue T3 con un 68.16% a diferencia de T1 que se obtuvo
un 64.41%; por ultimo en el porcentaje de fibra en las formulaciones se obtuvieron T1
(3.88%), T2 (3.98%), T3 (3.94%), el T2 obtuvo el más alto valor.
En la determinación de las propiedades sensoriales, se pudo establecer; en sabor dulce y
amargo, la formulación T3 tuvo una mayor puntuación de 18 en nivel bajo sabor dulce,
seguidamente el tratamiento T2 con una puntuación de 15. En cambio, en el sabor salado la
formulación T1 obtuvo un puntaje de 14. En perfil de textura en nivel de suavidad se obtuvo
a la T1 Y T2, un valor de 20 puntos en nivel moderado. En nivel elasticidad del T3 presentó
un puntaje de 18 en nivel bajo.";2020
Universidad César Vallejo;Determinación de las características fisicoquímicas y reológicas de un néctar de aguaymanto (Physalis peruviana) con adición de hidrocoloide de cushuro (Nostoc sphaericum);Venegas Blas, José Gianfranco;Ingeniero Agroindustrial;Cruz Escobedo, Antis Jesús;"En esta investigación se elaboró néctar de aguaymanto (physalis peruviana) adicionando tres
distintas concentraciones de hidrocoloide de cushuro (nostoc sphaericum) y una muestra
control. La MC: no se añadió concentración de cushuro (nostoc sphaericum), C1: 0.05%,
C2: 0,5% y C3: 1%. La obtención del hidrocoloide fue someter sus flóculos obtenidos
mediante separación por alcohol, 1Kg de cushuro (nostoc sphaericum) filtrado:1 litro de
alcohol, que anteriormente fue deshidratado por aire caliente (T: 40°C, velocidad de aire 5
m/s, Tiempo de 5 horas). El hidrocoloide obtenido va a reemplazar al carboximetilcelulosa
en el proceso de elaboración del néctar como un aditivo alimenticio. Por eso el objetivo
principal de este trabajo de investigación es determinar las características fisicoquímicas y
reológicas del néctar de aguaymanto (physalis peruviana) adicionando hidrocoloide de
cushuro (nostoc sphaericum). Los resultados determinaron que de las características
fisicoquímicas solo existe diferencia significativa en los °Brix y porcentaje de
sedimentación, mientras que en la densidad y pH del néctar no existe; por otro lado, respecto
a las características reológicas como el índice de consistencia, porcentaje de sedimentación
y tensión de fluencia no existe una diferencia significativa, pero el índice de comportamiento
existe diferencia. En conclusión la adición de hidrocoloide de cushuro (nostoc sphaericum)
no altera considerablemente las características fisicoquímicas como °Brix, pH y densidad al
néctar de aguaymanto (physalis peruviana), y se puede observar notoriamente que la
concentración tres del hidrocoloide disminuye el porcentaje de sedimentación y mejora las
características reológicas dando la estabilidad necesaria de los néctares.";2021
Universidad César Vallejo;Determinación de la viabilidad de bifidobacterium spp. microencapsulado presente en un yogurt griego probiótico;Saavedra Chapilliquen, Gregory Martin;Ingeniero Agroindustrial;Cruz Escobedo, Antis Jesús y León Marrou, María Elena;"El Bifidobacterium es un microorganismo pro biótico que al ser consumidos mejoran el
equilibrio microbiano en el intestino humano. En la actualidad se están incorporando
como cultivos vivos en productos lácteos fermentados, incluido el yogurt, para su
consumo. Debido a la sensibilidad que presenta el Bifidobacterium a la alta acidez, su
viabilidad en el yogurt tiende a ser limitada. El objetivo del presente estudio fue
determinar el tiempo de la viabilidad del Bifidobacterium micro encapsulado en el yogur
griego durante el almacenamiento refrigerado 4°C durante 30 días. Las células de
Bifidobacterium vivas se encapsularon en xantano. El conteo viable de las células vivas
presentes en el yogurt se llevó a cabo en las muestras preparadas de yogurt (1 muestra
control y 1 con el microorganismo encapsulado, con 3 repeticiones para cada día de
análisis). Los resultados del recuento viable microbiológicos mostraron una disminución
de 2 Log en la población de Bifidobacterium sin micro encapsular, en cambio en el yogurt
que contenía el Bifidobacterium micro encapsulado presentó un aumento de 0.6 Log, esto
indicando que la micro encapsulación funciona para la preservación de estos
microorganismos pro bióticos, haciendo mucho más lento su ciclo biológico, influyendo
directamente en el contenido final luego de 30 días de almacenamiento.";2020
Universidad César Vallejo;Sustitución de la harina de trigo por harina de kiwicha y harina de almendra en las características fisicoquímicas y propiedades sensoriales en un alfajor ,2019;Salazar Luna, Victoria Claudia;Ingeniera Agroindustrial;Cruz Escobedo, Antis Jesús;"En el presente estudio se determinó el efecto de la sustitución de la harina de trigo (triticum
custriun) por harina de kiwicha (amaranthus caudatus) y harina de almendra (prunus Dulcis)
en las características fisicoquímicas y propiedades sensoriales en un alfajor” en diferentes
proporciones:5% K Y 5% A,10% K Y 10%A ,15%K Y 15%A , más una muestra control 100%
harina de trigo sobre las en las características fisicoquímicas y propiedades sensoriales en un
alfajor, para la prueba de humedad se utilizó 20 gr de cada muestra las cuales fueron sometidas
a una balanza de humedad a una temperatura de 140 grados por un tiempo de treinta minutos
,para la prueba de fibra se recolecto 200 gr de cada muestra las cuales fueron analizadas en
laboratorio santa fe de Trujillo las pruebas fisicoquímicas fueron analizadas con un análisis de
varianza(anova) y prueba de tukey demostró pequeñas variaciones . la muestra control arrojo
12.3%H - 0.29% F, sustitución uno 12.01% H - 0.50% F, sustitución dos 11.64 % H - 0.73 %
F y sustitución tres 11.41 % H - 1.48% F sin embargo los valores de humedad arrojados no
sobrepasan el 15% de humedad, que es el máximo permitido por la N.T.P 205.027:1986 y el
CODEX Alimentarius 152-1985. además, el % de fibra se encuentran dentro del rango de un
producto de pastelería común en el mercado. Con respecto a las propiedades sensoriales se
realizó mediante una evaluación sensorial: prueba de textura y de análisis cuantitativo según
nuestros resultados no se encontró diferencia significativa, sin embargo, se pudo determinar; en
sabor dulce y amargo, el que resalto fue el Tratamiento F2 tuvo una puntuación de 28 en nivel
moderado sabor dulce, seguidamente el tratamiento F3 con una puntuación de 22. Así embargo
en textura la muestra control F1 obtuvo el mayor valor de 24 puntos, en nivel crocantes bajo.
Por último, en la aceptabilidad de me gusta y no me gusta de los alfajores, fue para el
tratamiento F2, con una puntuación de 18 en nivel alto, siguiéndole los pasos el tratamiento F3
con un valor de 16 puntos";2020
Universidad César Vallejo;Efecto de un recubrimiento comestible a base de goma detara (caesalpinia spinosa) y gel de sabila (aloe barbadensis miller), sobre las características fisioquímicos y microbiológicas en cubos de mango (mangifera indica l) CV. Kent Almacenados enrefrigeración;Cieza Herrera, Suly;Ingeniero Agroindustrial;Pagador Flores, Sandra Elizabeth;"Esta investigación tuvo como principal objetito evaluar el efecto de un recubrimiento
comestible a base de goma de tara (caesalpinia spinosa) y gel de sábila (aloe barbadensis
miller) sobre las características fisicoquímicas y microbiológicas en cubos de mango
(mangifera indica l) de la variedad Kent. El tipo de diseño aplicado fue experimental; la
aplicación del recubrimiento realizó por inmersión en tres tratamientos T1 (0.3% goma
tara, 39.7%gel de sábila), T2 (0.6%, 39.4%), T3 (0.9%, 39.1%) y un tratamiento 4 control,
Se analizó los parámetros de ºBrix, % pérdida de peso, pH, % de acidez titulable, firmeza
y contaminación por microorganismos psicrófilos. Resultados favorables presentaron las
muestras con recubierta de goma de tara y gel de sábila, siendo el mejor tratamiento fue
T3 que conserva mejor los atributos del mango, a diferencia del tratamiento control que
presentó 45% pérdida de peso y el 48% descenso de firmeza.
El recubrimiento digerible a base de goma de tara y gel de sábila mantiene la calidad de
los cubos de mango e inocuo de contaminación de microorganismos psicrófilos, por un
lapso de 8 días a temperatura de refrigeración.";2020
Universidad César Vallejo;Determinación proximal y aceptabilidad general en una galleta dulce sustituyendo la harina   de trigo (Triticum aestivum) por harina de cañihua (Chenopodium pallidicaule) y grano entero de chia (Amaranthus caudatus);Saavedra Marquina, Fabio Nelson;Ingeniero Agroindustrial;Cruz Escobedo, Antis Jesús;"En esta investigación se estudiaron cuatro tratamientos compuestos por chía entera, harina
de cañihua y harina de trigo. El T1: 5%HC, 15%HC, 80HT; T2:10%HC, 20%HC, 70%HT;
T3: 15%HC, 25%HC, 60%HT. Los objetivos planteados fueron medir las características
proximales y someter a una degustación al producto utilizando el método de una escala
hedónica de 9 puntos y determinar que tratamiento obtiene los mejores resultados, se empleó
un diseño experimental simple con tres repeticiones por tratamiento y se analizaron
utilizando ANOVA y TUKEY para identificar si existe diferencias. Los resultados
determinaron que existe diferencia significativa en humedad y en cenizas no presentaron
diferencia, en los resultados de proteínas, carbohidratos y grasa presentaron diferencia
significativa, en el estudio de aceptabilidad general también presento diferencia significativa
destacando el tratamiento 1 como el más aceptado. En conclusión, los análisis proximales y
aceptabilidad general presentaron diferencia significativa excepto el análisis de ceniza que
presento igualdad estadística en sus resultados y el tratamiento que presento mejor resultados
fue el tratamiento 3 donde alcanzo los resultados de 7.78% humedad, 2.2% ceniza,
9.71%proteínas y 17.95% grasa.";2020
Universidad César Vallejo;Caracterización fisicoquímica y la capacidad antioxidante en una bebida funcional a base de pulpa de Sábila (Aloe Barbadensis Miller);Leyva Corro, Antonio Gustavo Juan;Ingeniero Agroindustrial;Cruz Escobedo, Antis Jesús;"El presente trabajo debido a la amplitud del tema que se aborda, se ha tenido que resumir de
la manera más adecuada, luego de haber hecho un minucioso análisis y resaltar lo más
indispensable e importante sobre el tema.
A continuación, usted podrá encontrar la propuesta de la información más selecta que se ha
podido obtener consultando la diversa bibliografía requerida.
Se empleó la pulpa de sábila con el objetivo de elaborar la capacidad antioxidante y las
características fisicoquímicas de la bebida funcional a partir de la pulpa de sábila (Aloe
Barbadensis Miller), el método trabajado fue descriptivo, para ello se elaboraron tres
formulaciones iguales para los (T1, T2 y T3) con un porcentaje de azúcar blanca (8%), los
resultados de la capacidad antioxidante fue trabajado por el método folin ciocalteu, así mismo
obteniendo los mejores resultados el tratamiento 3 en cuanto a sus compuestos antioxidante.
Mostraron un incremento constante en la capacidad antioxidante y fenoles totales de la sábila
trabajado con una concentración de 0 a 20 ppm, obteniendo mejor resultado de la capacidad
antioxidante 0,8752 donde se presencia que la pulpa de sábila si tiene polifenoles, se
determinó un pH 4, °Brix 11% y acidez total 0,02265% como resultados se obtuvo que el
mejor fue el tratamiento 3, de acuerdo a los resultados, el porcentaje más adecuado de azúcar
blanca es el 8% en bebidas funcional, por lo tanto, se concluye que la bebida funcional a base
de pulpa de sábila es muy importante que nos brinda vitaminas y minerales para la salud.
Se ha tratado en lo posible desarrollar la presente tesis de manera clara y sencilla, con las
limitaciones propias de un graduado, las cuales espero que sean comprendidas";2020
Universidad César Vallejo;Elaboración de una mezcla alimenticia fortificada con hierro a partir de harina de Kiwicha (Amaranthus caudatus L.), harina de Arracacha (Arracacia xanthorrhiza) y  leche en polvo para niños de 1 a 3 años de edad;Caballero Mendoza, Luis Abel;Ingeniero Agroindustrial;Cruz Escobedo, Antis Jesús;"El objetivo de la presente investigación fue elaborar una mezcla alimenticia fortificada con
hierro a partir de harina de Kiwicha (Amaranthus caudatus L.), harina de Arracacha (Arracacia
xanthorrhiza) y leche en polvo para niños de 1 a 3 años de edad. Para la elaboración de la papilla
se partió de la obtención de las 3 materias primas ya caracterizadas y con el valor nutricional
(grasas, proteínas, carbohidratos, calorías, fibra, humedad, cenizas y hierro) en la etiqueta del
producto, posteriormente se realizó un diseño de mesclas que arrojaron 36 formulaciones, cada
formulación con proporciones distintas de harina de arracacha, harina de kiwicha y leche en
polvo de las cuales se escogieron las 3 mejores formulaciones, las que se ajustan al Codex y a
los requerimientos nutricionales de niños entre 1 a 3 años de edad. Las 3 formulaciones fueron:
F1: 20% de harina de arracacha, 40% de harina de kiwicha y 40% de leche en polvo; F2: 30%
de harina de arracacha, 20% de harina de kiwicha y 50 de leche en polvo; F3: 10% de harina de
arracacha, 30% de harina de kiwicha y 60% de leche en polvo. A estas 3 formulaciones se
evaluaron su valor nutricional en cuanto a grasas, proteínas, carbohidratos, calorías, fibra,
humedad y cenizas. A la formulación 3 (F3) se le realizó un análisis de hierro, los resultados
fueron para F3: 6.85% de grasas, 18.7% de proteínas, 63.8% de carbohidratos, 391.65 kcal,
0.9% de fibra, 6.1% de humedad, 4.5% de cenizas y 108 mg/kg de hierro; F2: 14.3% de grasas,
15.5% de proteínas, 59.85% de carbohidratos, 428.7 kcal, 0.85% de fibra, 6.25% de humedad,
109.7 ppm de hierro (10.9 mg/100g) y 4.5% de cenizas; F1: 11.15% de grasas, 14.3% de
proteínas, 64.85% de carbohidratos, 416.95 kcal, 1.15% de fibra, 6.4% de humedad y 3.45% de
cenizas. Con respecto a la fortificación se agregó a las 3 formulaciones 600 mg de sulfato ferroso
que equivale a 120 mg de hierro siguiendo los parámetros de fortificación para harinas del 
Ministerio de Salud.";2020
Universidad César Vallejo;Efecto de la adición de goma de sapote (Capparis scabrida) y goma de tara  (Caesalpinia spinosa) sobre la caracterización reológica de un yogurt batido a base  de leche de cabra;Flores Capristan, Carlos Javier;Ingeniero Agroindustrial;Cruz Escobedo, Antis Jesús;"Se investigó el efecto de proporciones de Goma de Sapote (Capparis scabrida) y Goma de Tara
(Caesalpinia spinosa) sobre las características reológicas y fisicoquímicas de un yogurt batido a
base de leche de cabra. En las características reológicas de yogurt batido a base de leche de cabra
se utilizó un viscosímetro digital de marca Fungilab Expert. En todos los tratamientos, la
viscosidad aparente disminuyó con la velocidad de cizalla demostrando un comportamiento “no
newtoniano” de tipo “plástico general”. El índice de consistencia estuvo en el rango de 0,481 y
0,686 (n &lt; 1), el índice de comportamiento “k” en el rango de 1,434 y 3,980 Pa.sn, la viscosidad
estuvo en el rango de 0.609 y 2.364 Pa.sn y finalmente, las características fisicoquímicas del
yogurt batido obtuvieron una acidez de (14-18°D), °Brix (10-11), pH (6,5 - 6,7) y densidad (1,029
- 1,034g/ml).";2020
Universidad César Vallejo;Efecto de la proporción de jugo de caña (Saccharum officinarum) clarificado: extracto de clorofila comercial en las características fisicoquímicas, funcionales y sensoriales de una bebida;Mantilla Bacilio, Iris Marita;Ingeniera Agroindustrial;Pagador Flores, Sandra Elizabeth;"La presente investigación tuvo por finalidad determinar el efecto de la proporción de jugo
de caña (Saccharum Officinarum) clarificado con la enzima Biopectinasa 50 000: extracto
de clorofila comercial en la elaboración de una bebida funcional. Donde se trabajó las
proporción de jugo de caña clarificado: extracto de clorofila comercial (100%, 90%:10%,
85%:15%, 80%:20% y 75%:25%) y los análisis fisicoquímicos (acidez titulable, azucares
reductores totales, determinación de color L*a*b*), análisis funcionales (cuantificación de
fenoles, cuantificación de flavonoides, determinación de capacidad antioxidante y
determinación de clorofila a, b y c) y análisis de evaluación de sensorial, se utilizó una escala
hedónica de 7 puntos aplicado a 60 panelistas no entrenados, donde se evaluaron dos
atributos color y sabor. En los resultados de acidez titulable se observó que al aumentar la
proporción de clorofila (75%:25%), el porcentaje de acidez disminuye (0.17), en cuanto
azúcares reductores totales al aumentar la proporción de extracto de clorofila se puede
presenciar mayor cantidad de azúcares reductores totales, esto quiere decir que no existe
efecto significativo. En la determinación de color L* la proporción (90%:10%) T2, presentó
mayor *L, sin embargo, para a* el comportamiento es que al aumentar el extracto de clorofila
el valor a*disminuye, caso contrario sucede con la proporción (100%.0%) TC1 que presentó
mayor b*. Además, tanto L*y b* presentó efecto significativo. En el TC1 (control), se
observó mayor cantidad de fenoles y a la vez no presentó efecto significativo. En la
cuantificación de flavonoides el T5 (75%:25%), presentó mayor cantidad de flavonoides,
esto genera un efecto significativo según a moda estadística. En la determinación de
capacidad antioxidante el T3 (85%:15%), presentó mayor cantidad de antioxidante, por lo
cual hace referencia de un efecto significativo. En la determinación de clorofila a, b y c, se
presencia mayores valores en el T5 (75%:25%), esto confirma la presencia de efecto
significativo. En el análisis sensorial en el atributo color el T5, presentó mayor aceptabilidad,
por ende, existe diferencia significativa siendo el P&lt;0.05, en comparación con el atributo
sabor el TC1, presentó mayor aceptabilidad, por lo que no existe diferencia significativa
(p&gt;0.05) entre las muestras evaluadas.";2020
Universidad César Vallejo;Efecto del pretratamiento de cuajo de oveja (Ovis aries) y el tiempo de coagulación sobre las características sensoriales y fisicoquímicas del queso fresco;Alarcon Saucedo, Katherine Nelida;Ingeniera Agroindustrial;Pagador Flores, Sandra Elizabeth;"El objetivo de presentar este proyecto de investigación tiene por finalidad evaluar el efecto
del pretratamiento y el tiempo de coagulación del queso fresco a partir de cuajo de oveja
(Ovis aries) evaluando sus características sensoriales y fisicoquímicas. Para obtener el cuajo
de oveja se aplicó un método de desecación natural y dos pretratamientos (maceración en
solución agua tibia y suero de queso )con diferentes tiempos de coagulación en cada
pretratamiento (15,30 y 40 minutos )con un total de 6 tratamientos ,dando como resultado el
análisis estadístico (ANOVA) con p =0.05 demostró que existieron diferencias
significativas entre los 6 pretratamientos obtenidos entre los quesos frescos a partir de cuajo
de oveja analizados durante los 2 días . Se tuvo como variable independiente al cuajo de
oveja y tiempo de coagulación; y como variable dependiente pH, humedad y sólidos totales.
Se observó porcentaje diferentes entre los pretratamientos en el queso fresco, al evaluar los
parámetros físicos químicos del queso (pH, humedad y sólidos totales), Se realizó un formato
para evaluar el análisis sensorial evaluando a un panel no entrenado de 40 personas
seleccionadas al azar habituales consumidores de queso fresco.";2020
Universidad César Vallejo;Efecto de la proporción de tarwi (lupinus mutabilis): pimiento rojo (Capsicum annuum): aceite de ajonjolí (Sesasum indicum) sobre las características fisicoquímicas, reológicas y aceptabilidad general de un puré;Sanchez Espinola, Jhonn Presley;Ingeniero Agroindustrial;Pagador Flores, Sandra Elizabeth;"La investigación tuvo como objetivo determinar el efecto de la proporción de tarwi (Lupinus
mutabilis): pimiento rojo (Capsicum annuum): aceite de ajonjolí (Sesasum Indicum), sobre
las características fisicoquímicas, reológicas y aceptabilidad general de un puré, para lo cual
se formuló tres tratamientos y una muestra control (T1-T2-T3-C) de tarwi, pimiento rojo y
aceite de ajonjolí, con proporciones de 90%, 8%, 2%; 80%, 16%, 4%; 70%, 60%, 15%; y
100%, 0%, 0% respectivamente. El procesamiento del puré se realizó por separado, de
acuerdo a cada formulación y en diferentes días, a fin de realizar las pruebas fisicoquímicas,
reológicas y aceptabilidad general. Para las variables paramétricas se empleó la prueba de
Levene, un ANVA simple, y, además, la prueba de Tukey. Para evaluar la aceptabilidad
general se utilizó la prueba de Friedman y Wilcoxon. Todos estos análisis estadísticos se
efectuaron con un nivel de confianza del 95%; y los datos fueron procesados en el software:
Minitab 18.0.
El tratamiento con mayor aceptación fue el T2 (80% tarwi, 16% pimiento rojo, 4%aceite de
ajonjolí), presentando la más alta calificación promedio con 7.21, con moda de 8
correspondiente a la percepción de ""me agrada mucho"". Esta formulación presentó contenido
de proteínas, grasas, fibra, carbohidratos, humedad, ceniza y pH, de 9.42%, 15.52%, 4.46%,
65.25%, 3.34%, 2.02% y 4.5; respectivamente.";2020
Universidad César Vallejo;Efecto de la sustitución parcial de harina de trigo (triticum aestivum) por harina de alpiste (phalaris canariensis l.) sobre las características fisicoquímicas y aceptabilidad general de un panetón;Lavado Gonzales, Nancy Elisabeth;Ingeniera Agroindustrial;Pagador Flores, Sandra Elizabeth;"En la actualidad se viene sustituyendo la harina de trigo por harina de otros granos,
cereales y legumbres que benefician a la salud.  El alpiste es un grano que contiene 
proteínas, fibras y otras características que ayudan al buen funcionamiento del organismo.
En nuestra región la libertad encontramos este cultivo en grandes cantidades, pero es
destinado para alimento de aves; desperdiciando así los beneficios que puede brindarnos.
La investigación pretende realizar un producto rico y nutritivo a base de la harina de
alpiste. 
Se propuso elaborar un panetón enriquecido con harina de alpiste, pues este cereal
contiene altos valores nutritivos que al sustituir a la harina de trigo (casi en su totalidad
es importada) se pretende mejorar la alimentación y por ende la calidad de vida de los
consumidores de panetón y/o productos de panificación. Se realizó 3 tratamientos T1 (10
% de sustitución), T2 (15% de sustitución), T3 (20% de sustitución) y se planteó que esta
sustitución tendría un efecto significativo en el producto.  
En primer lugar, se obtuvo materias primas y materiales; para la harina de alpiste, primero
se obtuvo el grano y de ello la harina; a la cual, se llevó a analizar; mostrando un 24.21
% de proteínas; 0.97 % de ceniza; 11.7 % de humedad y un 7.11 % de fibra. También se
analizó su color. En la panadería y pastelería “JAVIER” se elaboró el panetón con la
ayuda de los trabajadores y dueños del local luego de tres semanas se realizaron los
análisis para las características fisicoquímicas dando como resultados: proteínas 12.98 %;
13.28 %; 14.22 %, ceniza 0.98 %; 0.93 %; 0.98 %, humedad 27.97 %; 60 %; 24.2 % para
cada tratamiento (T1, T2, T3) respectivamente. También se avaluó textura y color. En las
mismas instalaciones se realizó la degustación para la aceptabilidad general; el más
aceptado fue T3 con 20 % de sustitución este contiene 0.10 % de fibra. 
En conclusión, se logró elaborar el panetón, realizar su evaluación fisicoquímica y
determinar el grado de aceptabilidad a cada tratamiento. Se recomienda realizar productos
similares con dicha harina pues fuentes afirman que es muy beneficiosa para el
organismo.";2019
Universidad César Vallejo;Efecto de la sustitución parcial de harina de trigo (Triticum aestivum) por harina de cañihua (Chenopodium pallidicaule) y tarwi (Lupinus mutabilis) sobre las características nutricionales y aceptabilidad general de nuggets de hígado de pollo (Gallus domesticus);Crisologo Bueno, Carlos Fernando;Ingeniero Agroindustrial;Pagador Flores, Sandra Elizabeth;"El propósito de este trabajo de investigación es evaluar el efecto de la sustitución
parcial de harina de trigo (Triticum aestivum) por harina de cañihua (Chenopodium
pallidicaule) y tarwi (Lupinus mutabilis) sobre las características nutricionales y
aceptabilidad general de nuggets de hígado de pollo (Gallus domesticus). La
investigación es importante, ya que se elaborará un nuevo alimento con alto valor
nutricional aprovechando nuevas mezclas, logrando un alimento atractivo con la
finalidad de disminuir porcentaje de desnutrición y anemia en nuestra región.
Para la realización de este trabajo experimental se formularon 4 tratamientos con
diferentes sustituciones de materia prima: T0= 40%, 0%, 0%, 60%; T1= 25%, 10%,
5%, 60%; T2= 20%, 5%, 15%, 60%; T3= 15%, 15%, 10%, 60%; harina de trigo,
harina de cañihua, harina de tarwi, hígado de pollo respectivamente. Obteniendo el
T3 los mejores resultados: proteínas 16.10%, grasas 6.84%, carbohidratos 33.32%,
humedad 34.27%, cenizas 9.46% y mejor aceptabilidad general. Llegando a la
conclusión que mientras aumenta la sustitución de las harinas de cañihua y tarwi
existe un efecto significativo en las características nutricionales y aceptabilidad
general de los nuggets.";2019
Universidad César Vallejo;Efecto del nitrofoska verde y suero de leche como medios de cultivo en la producción de biomasa de Scenedesmus acuminatum IMP-LBA-008, en fotobiorreactor de tanque agitado;Díaz Aponte, Gerson Moisés;Ingeniero Agroindustrial;Pagador Flores, Sandra Elizabeth;"Este trabajo tuvo por objeto determinar el efecto del Nitrofoska verde y suero de leche como
medios de cultivo en la producción de Biomasa de Scenedesmus acuminatum IMP-LBA-008,
en fotobiorreactor de tanque agitado.
El cultivo de las microalgas se realizó en seis fotobiorreactores, los cuales tuvieron como
medio de cultivo Nitrofoska verde a concentraciones del 0,0025%, 0,005% y 0,01%; y suero
de leche a concentraciones del 0.1%, 0.5% y 1.0%. La agitación se realizó mediante la
inyección de aire difuso, y la radiación fue artificial, con fotoperiodo de doce horas diarias.
La mayor producción de Biomasa fue obtenida en el medio de cultivo de Nitrofoska verde a
una concentración de 0,005%, con 0,8333 g/L. Asimismo se observó que las microalgas se
adaptaron más rápidamente a los medios de cultivo con menor concentración de nutrientes.";2019
Universidad César Vallejo;Efecto de la sustitución parcial de grenetina por harina de cushuro (Nostoc commune vauch) sobre las características nutricionales y físicas de gomitas comestibles a base de arándano (Vaccinium myrtillus);García Bartra, Sweeney Kahomy;Ingeniera Agroindustrial;Pagador Flores, Sandra Elizabeth;"El presente trabajo de investigación tuvo por objetivo la evaluación del efecto de la
sustitución parcial de grenetina por harina de cushuro (Nostoc commune vauch) sobre las
características nutricionales y físicas de gomitas comestibles a base de arándano (Vaccinium
myrtillus). Se realizaron 3 porcentajes de sustitución teniendo como T1 al 35 %, T2 al 45%
y T3 al 55% de sustitución de harina de cushuro al cual se le realizó las características
nutricionales dando como resultado un 3.1433 % de proteínas, 0.146 % de cenizas, 10.026
% de grasa, 74.442 % de carbohidratos, aportando 400.584 Kcal por cada 100 g, con un
aporte de antioxidantes en un 54.616%, para el tratamiento 1, un 3.180 % de proteínas,
0.0780 % de cenizas, 4.884 % de grasa, 78.422 % de carbohidratos, aportando 320.371 Kcal
por cada 100 g, con un aporte de antioxidantes en un 58.951%, para el tratamiento 2, un
3.457 % de proteínas, 0.398 % de cenizas, 3.709 % de grasa, 82.284 % de carbohidratos,
aportando 376.35 Kcal por cada 100 g, con un gran aporte de antioxidantes en un 66.646%,
para el tratamiento 3, en cuanto a las características físicas se obtuvo para el tratamiento
1: 0.801 N de fuerza a la compresión, con una humedad de 12.24 % y en cuanto a color con
una luminosidad de L* 33.706, a*0.8467, b*0.01, c*0.8467 y ΔE de 1.845, en el
tratamiento 2: 0.464 N de fuerza a la compresión, con un porcentaje de humedad en 13.434
% y en cuanto a color con una luminosidad de L* 33.713, a*0.446, b*0.116, c*0.463y ΔE
de 1.432 y por último para el tratamiento 3: 0.316 N de fuerza a la compresión, con un
porcentaje de humedad en 10.150 % siendo este el más bajo y en cuanto a color presenta una
luminosidad de L* 28.48, a*0.7, b*0.773, c*1.0433 y ΔE de 2.2435. En conclusión, se
obtuvieron mejores características fisicoquímicas con el tercer tratamiento (55%) en las
gomitas comestibles a base de cushuro (Nostoc commune vauch) y arándano (Vaccinium
myrtillus), por otro lado, el tratamiento 1 (35%) presentó mejores resultados en cuanto a
características físicas.";2020
Universidad César Vallejo;Efecto de la concentración del mucílago de Linaza (Linum usitatissimum) sobre las  características fisicoquímicas y reológicas de un Néctar de Maracuyá (Passiflora edulis);Silva Muñoz, José Segundo;Ingeniera Agroindustrial;Pagador Flores, Sandra Elizabeth;"El presente trabajo de investigación tuvo por finalidad determinar el efecto de
concentración del mucílago de Linaza (Linum usitatissimum) sobre las características
fisicoquímicas y reológicas de un Néctar de Maracuyá (Passiflora edulis)”.
Primero se extrajo el mucílago de Linaza en polvo en una relación de 1:9 de semilla y
agua, a una temperatura de 85°C por un lapso de agitación de 15 minutos para su posterior
liofilización. Luego en la elaboración del Néctar se trabajó con 4 tratamientos, dentro de
estos un Blanco (CMC) y los otros 3 con mucílago de Linaza a diferentes concentraciones
(T1 – 0.05%, T2 – 0.10% y T3 – 0.15%), una vez conseguido el producto terminado se
caracterizó fisicoquímicamente y se analizó estadísticamente mediante un análisis de
varianza (Anova) y la prueba de Tukey, la cual reportó un efecto muy significativo entre
todos los tratamientos de los análisis de sedimentación, humedad y cenizas.
Los tratamientos no presentaron variabilidad en el análisis de °brix, ph y acidez con la
cual se determina que el mucílago de Linaza no influye en la calidad del producto
terminado. 
Sin embargo, en la estabilidad del Néctar de Maracuyá, el tratamiento T3 (0.15%
mucílago) obtuvo 34.30%, reflejando el mejor resultado en cuanto a la sedimentación y
así mismo en solidos totales obtuvo 14.42%; si bien la cantidad del mucílago de Linaza
no contribuye a alterar la calidad (ph, acidez y °Brix), pero si influye en una mejor
estabilización del Néctar.
Por último el tipo de fluido del Néctar de Maracuyá es de tipo Pseudoplástico, para el
índice de comportamiento de flujo obtuvo 0.6808, para el índice de consistencia obtuvo
0.2855 y para el umbral de fluencia de 0.2767.";2019
Universidad César Vallejo;Efecto del secado previo y tiempo de fritura en las características fisicoquímicas y aceptabilidad sensorial de  hojuelas  de papa frita (solanun tuberosun)  variedad yungay;Santisteban Crespin, Manuel Mercedes;Ingeniero Agroindustrial;León Marrou, María Elena;"El presente trabajo de investigación tuvo por objetivo evaluar el efecto del secado previo
y tiempo de fritura en las características fisicoquímicas y aceptabilidad sensorial de
hojuelas de papa frita (Solanum Tuberosum) variedad Yungay.  
Los resultados reportaron que existieron diferencias significativas (p&lt;0,5) del efecto del
secado (60% y 80% de humedad inicial y tiempos de fritura) (2,0; 2,5 y 3,0 min) sobre
el % de humedad final, % de absorción de aceite y aceptabilidad sensorial de hojuela de
papa frita (Solanum Tuberosum) variedad Yungay. 
Las muestras con secado previo (60% de humedad inicial) reportaron un tiempo de
fritura de 2 minutos un menor % de absorción de aceite de 14,53% y 4.27 de humedad
final. 
Las muestras de hojuelas con 80% de humedad son las que reportaron mayor
aceptabilidad sensorial con respecto al color (2,0 min de fritura) y crocantes (3,0 min de
fritura)";2019
Universidad César Vallejo;Efecto de la concentración de la Harina de Chía (salvia hispanica  l.) sobre las características fisicoquímicas y sensoriales de nuggets a base de trucha (oncorhynchis mykiss) en el Departamento  de La Libertad Provincia de Trujillo en el año 2019;Silva Muñoz, José Segundo;Bachiller en Ingeniería Agroindustrial;Pagador Flores, Sandra Elizabeth;"La utilización del pescado la Trucha como sustituto de la carne de Pollo en productos
industrializados, se encuentran en auge. Su utilidad en productos como los Nuggets
favorecerá un novedoso alimento nutritivo y sobretodo un buen uso del mismo. El
objetivo general de esta investigación fue Determinar el efecto de la concentración de
harina de Chía (Salvia hispánica L.), sobre las características fisicoquímicas y sensoriales
de Nuggets a base de Trucha (Oncorhynchis mykiss). En los resultados se muestran el
análisis sensorial se observó que en aceptabilidad de los Nuggets, la formulación 12
obtuvo mayor aceptabilidad entre los consumidores, además en las características
fisicoquímicas, solo se analizó la mejor formulación, en este caso solo fue analizada la
formulación 12, en donde el porcentaje de grasa encontrado mediante el método del
Soxhlet en los Nuggets de Trucha, es menor en comparación a los datos obtenidos en los
supermercados de Nuggets de Pollo y la cantidad de proteína se halló de forma cualitativa
mediante el método de Biuret, donde el color aumentó debido a la gran cantidad de 
proteínas de una formulación a otra.";2019
Universidad César Vallejo;Efecto de la sustitución parcial de Harina de Trigo (triticum aestivum) por Harina de Kiwicha (amaranthus caudatus) en la elaboración de galletas nutritivas, Trujillo, abril - julio, 2019;Crisologo Bueno, Carlos Fernando;Bachiller en Ingeniería Agroindustrial;Pagador Flores, Sandra Elizabeth;"El presente trabajo de investigación denominado efecto de la sustitución parcial de harina
de trigo (Triticum aestivum) por harina de kiwicha (Amaranthus caudatus) en la
elaboración de galletas nutritivas, Trujillo, abril - julio, 2019. Se consideraron como
objetivo general evaluar el efecto de la sustitución parcial de harina de trigo (Triticum
aestivum) por harina de kiwicha (Amaranthus caudatus) en la elaboración de galletas
nutritivas, y como objetivos específicos determinar la textura de galletas nutritivas,
determinar la composición proximal de galletas nutritivas y determinar la aceptabilidad
general de galletas nutritivas. Las muestras fueron tomadas al azar, considerando 4
tratamientos con 3 réplicas cada uno. Se elaborarán las siguientes formulaciones, T0:
100% - 0%, T1: 90% - 10%, T2: 85% - 15%, T3: 80% - 20%, de harina de trigo y harina
de kiwicha respectivamente. Se logró concluir que la sustitución parcial de harina de trigo
por harina de kiwicha efecto significativamente en la composición proximal y textura en
las galletas nutritivas.";2019
Universidad César Vallejo;Efecto de la sustitución de harina de trigo por Harina de Cañihua (chenopodium pallidicaule allen) y Kiwicha (amaranthus caudatus)  en las características fisicoquímicas y calidad culinaria de fideos fetuccini;Tantarico Huamán, Yeiser Jeferson.;Bachiller en Ingeniería Agroindustrial;Pagador Flores, Sandra Elizabeth;"En esta investigación de sustitución de harinas en la elaboración de pastas, son alimento muy
consumido y elaborado en base a harina de trigo. En este estudio se buscó incluir las harinas
de Cañihua y kiwicha, para elaboración de fideos tipo fetuccini para ser evaluados en sus
características fisicoquímicas y calidad culinaria; para ello se realizó una metodología
experimental utilizado muestra control con tres replicas (15% Cañihua,15% Kiwicha; 30%
Cañihua y 30% Kiwicha), tomando como base la harina de trigo. El efecto de la sustitución
generó en los análisis fisicoquímicos diferencias estadísticamente significativas en cuanto al
% humedad, cenizas, acidez alcohólica y color, esto respecto a la muestra control; por otra
parte, las calidades culinarias en fideos con sustitución no superaron a la muestra control del
100% de trigo. Concluyéndose que incluir cereales andinos mejora las cualidades nutritivas,
pero no superan la calidad culinaria de los fideos convencionales.";2019
Universidad César Vallejo;Efecto de la proporción de Pulpa de Arándano (vaccinium corymbosum) variedad biloxi: Pulpa de Fresa (fragaria vesca)  variedad chandler: Jugo de Uva (vitis vinífera) variedad Italia sin pepa, en las características fisicoquímicas y sensoriales  de un jugo mixto de frutas;Alva Bernal, Kevin Pierre Gustavo;Ingeniero Agroindustrial;Barraza Jáuregui Gabriela del Carmen;"Se evaluó el efecto de la proporción de pulpa de arándano: pulpa de fresa: jugo de uva en las
características fisicoquímicas y sensoriales de un jugo de frutas.  
Se trabajó con un Diseño de un solo factor utilizando para cada uno de los tratamientos, 3
repeticiones. 
El análisis Check-all-that-apply (CATA), correspondió que 4 productos sean evaluados (1 es
ideal y 3 son regulares) por 83 degustadores por medio de 24 atributos. Se registraron los
resultados de forma binaria (0: atributo no escogido; 1: el atributo escogido). Cabe mencionar,
que cada uno de los consumidores  otorgó un calificativo general (1-9) a cada producto (menos
el ideal). 
Se realizó la prueba Q de Cochran para determinar diferencias entre los productos para cada una
de los atributos considerados en la pregunta CATA. Además se evaluó, a partir de sus perfiles
sensoriales, la prueba de la no dependencia entre las columnas y filas en los productos. Se obtuvo
un mapa sensorial (biplot de atributos y productos) utilizando el análisis de correspondencia
(CA) considerando las distancias Chi-cuadrado, para determinar que productos y atributos
estuvieron vinculados al ideal, seguido de un análisis de coordenadas principales que se
visualizaron en un mapa bidimensional, para determinar la asociación del gusto con los
atributos, luego se efectuó un análisis de penalización sobre las respuestas de las preguntas
CATA considerando la descripción del producto ideal y se determinó las caídas del gusto
relacionada con el desvío del producto ideal para cada término utilizado en la pregunta CATA
y se sometieron a pruebas de significación.  
El método CATA determinó que los atributos principales que un consumidor desea para su jugo
mixto ideal son: sabor dulce y muy consistente.";2018
Universidad César Vallejo;Propuesta de mejora para incrementar la productividad en el proceso de  Selección y Clasificación de Espárrago Blanco (Asparagus Officinalis L.)  de la empresa Green Perú S.A.;Lozano Velásquez, Esther Marianela;Ingeniera Agroindustrial;Linares Luján, Guillermo Alberto;"El presente proyecto de tesis tiene como objetivo principal la propuesta de mejora para
incrementar la productividad en el proceso de selección y clasificación de esparrago blanco
de la empresa Green Perú S.A.; utilizando herramientas como el estudio de tiempos y
movimientos, mediante el uso de la observación directa y secuencial del proceso para
determinar el diagrama de flujo, diagrama de Gantt, balance de línea, diagrama de recorrido,
flujo de materiales y análisis matricial del proceso productivo del espárrago blanco.
Mediante las herramientas de disposición de planta se logra tener una visión preliminar del
proceso, construyendo una base para la identificación de las oportunidades de mejora que
incrementen la productividad del proceso. Dentro de las propuestas de mejora se tomaron
algunas alternativas tales como: la eliminación del corte de materia prima, la reubicación de
la balanza electrónica (donde se pesa el producto seleccionado), la reubicación del producto
seleccionado en la cámara de producto terminado (01), la implementación de una segunda
puerta para el despacho del producto seleccionado y salida del personal, el retiro de las mesas
y cajas de acero inoxidable (usadas para la operación de corte mecánico) y el
acondicionamiento de 6 líneas de selección y clasificación en la misma sala de proceso.
Luego se realizó un nuevo análisis con las mismas herramientas de la disposición de planta
teniendo en cuenta las propuestas planteadas y así poder determinar si  existe el incremento
de la productividad en el proceso de selección y clasificación del esparrago blanco.";2019
Universidad César Vallejo;Efecto de la concentración de carboximetilcelulosa sobre las características reológicas y  aceptabilidad general en pulpa de guanábana (annona muricata l.);Espejo García, Nathaly Cecilia Taella;Ingeniera Agroindustrial;Linares Lujan, Guillermo Alberto;"Para la ejecución de esta investigación se tomó como meta medir el efecto de la cantidad exacta 
de carboximetilcelulosa en aceptación general en pulpa de guanábana y determinar las
características reológicas en diferentes concentraciones de CMC. Para hallar la reología se
empleó un reómetro modelo Brookfield RVDV – III realizándose 9 muestras experimentales para
evaluar las variables “m” (índice de consistencia), “n” (índice de comportamiento de flujo) y To
(esfuerzo cortante inicial) en porcentajes de 0.1%, 0.2% y 0.3% en  concentración de
carboximetilcelulosa y la aceptabilidad general en una evaluación con escala hedónica en el
rango de 10=Me gusta mucho a 2= Me disgusta mucho. La evaluación para la aceptación general
se necesitó un grupo no especializado de 50 consumidores de pulpa de guanábana. Se
determinó que las concentraciones de CMC tiene un efecto sobre la viscosidad y aceptación
general, determinando que la cantidad al 0.2% tiene mejor aceptación general.";2019
Universidad César Vallejo;Efecto de la concentración de microorganismos eficaces (EM-1) en el crecimiento de plantones de maracuyá (Passiflora edulis f. flavicarpa);Núñez Vázquez, Raúl Alonzo;Ingeniero Agroindustrial;Pagador Flores, Sandra Elizabeth;"En el presente trabajo de investigación se evaluó el efecto de la concentración de los
microorganismos eficaces, en el crecimiento de plantones de maracuyá (Passiflora edulis f.
flavicarpa), para lo cual se evaluó la altura y largo de las hojas, además de realizar un
conteo de microorganismos eficaces (EM-1) y microorganismos eficaces activados
(EMA); a través del método de recuento en placa. Los plantones fueron clasificados en
cuatro bloques completamente al azar (A, B, C y D); los resultados en cuanto a la altura de
planta (cm) a los 15 días de la primera aplicación de EM-1 en concentraciones de (0%, 5%,
10% y 15%) fueron de 5.91±0.76, 6.04±0.53, 6.98±0.37 y 7.41±0.35; a los 30 dias fueron
de 7.68±0.60, 7.77±0.70, 8.84±0.37 y 9.79±0.49; a los 45 días fueron de 9.66±0.80,
9.81±0.67, 11.42±0.16 y 12.54±0.72; y por último a los 60 días fue de 11.67±0.46,
12.19±0.41, 13.39±0.36 y 15.56±0.94 para las cuatro concentraciones respectivamente; en
cuanto a los resultados del largo de la hoja (cm) evaluados a los 60 días de la primera
aplicación de EM-1 fueron de 5.87±0.52, 7.03±0.42, 8.59±0.70 y 10.06±0.58; a estos
resultados se aplicó un análisis de varianza (ANVA) y posteriormente una prueba de
Tukey, determinándose que existió efecto significativo de la concentración de EMA sobre
el crecimiento de los plantones (p&lt;0.05), además de existir diferencias significativas entre
tratamientos, siendo la concentración de 15% la que presentó un mayor promedio de la
altura de la planta y largo de hoja a los 60 días de la primera aplicación de EMA. La
cantidad de microorganismos presentes en el EM-1 fue de 27x10 5  UFC/mL y en el EMA
(microorganismos eficaces activados) fue de 29 x 10 7 UFC/mL";2018
Universidad César Vallejo;"Efecto de la temperatura y tiempo de almacenamiento en
la pérdida de peso, contenido antocianinas y capacidad
antioxidante de arándano azul (Vaccinium corymbosum
L.) variedad Biloxi";Sandoval Quispe, Llely Del Pilar;Ingeniera Agroindustrial;Barraza Jáuregui Gabriela del Carmen y Pagador Flores, Sandra Elizabeth;"Esta investigación tuvo como objetivo determinar el efecto de la temperatura y
tiempo de almacenamiento en la pérdida de peso, contenido de antocianinas y
capacidad antioxidante del arándano azul (Vaccinium corymbosum L.) variedad
Biloxi, proveniente de la provincia de Chao, La Libertad. Los arándanos azules
fueron envasadas en bandejas de polietileno y almacenadas a dos temperaturas
(1 y 7 °C) durante 7, 14 y 21 días. Se cuantificó pérdida de peso y contenido de
antocianinas, por metodología de pH diferencial y capacidad antioxidante, medida
como IC50. La prueba estadística de Tukey, determinó que la temperatura y
tiempo de almacenamiento tuvieron un efecto significativo (p&lt;0.05) en relación
con  la pérdida de peso y contenido de antocianinas de arándano azul; a
diferencia de la capacidad antioxidante donde reportó un efecto significativo en el
tiempo de almacenamiento y que la mejor conservación es con la temperatura
más baja (1°C) y el tiempo de almacenamiento más corto (7 días) obteniendo una
pérdida de peso de  4,83, un contenido total de antocianinas de 159,22 mg/100g 
cianidina-3-glucósido  y una capacidad antioxidante de 7.54.";2018
Universidad César Vallejo;Efecto de la relación muestra: solvente en el rendimiento de extracción de acetogeninas presentes en la hoja de la Guanábana (annona muricata), provincia de Ascope, La Libertad;Reyna Pereda, Segundo Manuel;Ingeniero Agroindustrial;Cruz Escobedo, Antis Jesús;"En el presente trabajo se determinó el efecto de la relación muestra: solvente en el rendimiento de extracción de acetogeninas presentes en la hoja de guanábana de la Provincia de Ascope, La Libertad; el método realizado fue por decantación utilizando diclorometano, hexano y metanol como solventes, las concentraciones trabajadas fueron de (1:4),(1:5),(1:6),(1:7),(1:8); los análisis realizados se hicieron por triplicado para cada muestra ; para identificar el compuesto de interés se utilizó el método de cromatografía de capa fina y como revelador el reactivo de kedde; obteniendo mayor rendimiento de  acetogenina  en la concentración (1:4) con un 5.016% de acetogenina.";2018
Universidad César Vallejo;Efecto de Tecnologías Combinadas sobre las  características Físico-Químicas y Microbiológicas de Encurtidos de Pimiento Piquillo (Capsicum Annuum, L.)  Variedad Piquillo durante el Tiempo de Almacenamiento;Alfaro Alarcón, Anthony Jorell;Ingeniero Agroindustrial;Pagador Flores, Sandra Elizabeth;"El presente trabajo de investigación tuvo por objetivo evaluar el efecto de
tecnologías combinadas sobre las características físico-químicas y
microbiológicas de encurtidos de pimiento piquillo (Capsicum annuum, L.)
Variedad piquillo durante el tiempo de almacenamiento, para lo cual se empleó un
Diseño experimental con un total de 16 tratamientos los cuales fueron replicados
tres veces teniendo un total de 48 unidades experimentales, determinando el pH,
acidez (%) y recuento de mohos y levaduras evaluados a 0, 4, 8, 12, 16, 20, 25 y
30 días de almacenamiento. Se aplicó un análisis de varianza (ANOVA). Se
observaron diferencias significativas en la determinación de pH, acidez (%) y
recuento de mohos y levaduras ufc/g (p&lt;0,05); obteniendo resultados que el
efecto del pH en encurtido de pimiento piquillo fue que el tratamiento con
tecnologías combinadas presentó menor variación del pH de 3.75 a 3.81 al día 30
de almacenamiento, para el caso de la muestra control (Sin tecnología
combinada) el pH presentó mayor variación de 3.76 a 3.94, el mismo
comportamiento ocurrió en la acidez (%), donde se obtuvo que el tratamiento con
tecnologías combinadas presento menor variación de la acidez de 1.23 a 1.16% al
día 30 de almacenamiento, para el caso del control (Sin tecnología combinada) la
acidez presentó mayor variación de 1.24 a 1.09%. Con respecto al recuento de
mohos y levaduras en encurtido de pimiento piquillo fue que el tratamiento con
tecnologías combinadas presentó 0 ufc/g durante los 30 días de almacenamiento,
para el caso del control (Sin tecnología combinada) el recuento de mohos y
levaduras presentó  variación de 0  a 1.7x10² ufc/g. En conclusión se determinó
que el tratamiento que presentó mejores resultados respecto a la variación del pH,
acidez (%) y recuento de mohos y levaduras ufc/g en encurtido de pimiento
piquillo fue el uso de tecnologías combinadas durante 30 días de
almacenamiento.";2018
Universidad César Vallejo;Efecto De La Temperatura Y Tiempo De Tratamiento Térmico Sobre El Valor Pasteurizador, Porcentaje  De Retención De Carotenoides Y Aceptabilidad General De Néctar De Aguaymanto (Physalis Peruviana L).;Paiva Farías, Mabeli Susan;Ingeniera Agroindustrial;Pagador Flores, Sandra Elizabeth;"El presente trabajo de investigación tuvo como objetivo evaluar el efecto de la temperatura
y tiempo de tratamiento térmico sobre el valor pasteurizador, porcentaje de retención de
carotenoides y aceptabilidad general de un néctar de aguaymanto (Physalis peruviana L.)
para garantizar la letalidad del microorganismo de referencia presente en el néctar así como
también la obtención del mayor porcentaje de retención de carotenoides del néctar de
aguaymanto (Physalis peruviana L) .  
Para el cumplimiento de este objetivo se trabajo con un diseño bifactorial (3 temperaturas y
3 tiempos), con 3 repeticiones. Para las variables paramétricas: valor pasteurizador y
retención de carotenoides, se realizó un análisis de varianza (ANVA), y a continuación, al
existir diferencias significativas (p&lt;0.05) se aplicó la prueba de comparaciones múltiples de
Duncan la cual comparó los resultados mediante la formación de subgrupos y se determinó
de esta manera el mejor tratamiento. Para la variable no-paramétrica aceptabilidad general,
se aplicó la prueba de Friedman. 
Se utilizó  aguaymanto (Physalis peruviana L.), procedente de la provincia de Cajamarca,
adquiridos en el Mercado “La Unión” de Trujillo, en buen estado sin presencia de daños
físicos o microbiológicos, fueron procesados y envasados en frascos de vidrio, siendo
tratados térmicamente en un baño maría a temperaturas de 75°C, 85°C y 95°C por el tiempo
de 5’, 10’ y 15’cada una. Finalmente se determinó que el mejor tratamiento para garantizar
la letalidad del microorganismo de referencia Byssochlasmy fulva fue de 85°C x 5’ con un
valor pasteurizador de 0.18’ y un porcentaje de retención de carotenoides de 79.24%. asi
como también se determinó que el néctar de aguaymanto (Physalis peruviana L.) si tiene
aceptabilidad por el público.";2018
Universidad César Vallejo;EFECTO DE PROPORCIONES DE TARWI (Lupinus mutabilis S.) SOBRE LAS CARACTERÍSTICAS SENSORIALES, REOLÓGICAS Y  FISICOQUÍMICAS DE UNA SALSA DE ROCOTO (Capsicum pubescens)”;Mendez Samana, Vany Margarita;Ingeniero Agroindustrial;Linares Lujan, Guillermo Alberto;"e investigó el efecto de proporciones de tarwi (Lupinus mutabilis S.) sobre las
características sensoriales, reológicas y fisicoquímicas de una salsa de rocoto
(Capsicum pubescens). En las características sensoriales entre los tratamientos se
utilizó una escala hedónica de 9 puntos, por parte de la aceptabilidad general
presentaron calificaciones de “ni me gusta ni me disgusta” de la muestra patrón del 0%
de Tarwi, “me gusta ligeramente” de la muestras del tratamiento que contiene 5% y
10% de Tarwi y “ me gusta” del tratamiento que contiene un 15% de Tarwi, en la
aceptabilidad de color en los tratamientos presento “ me gusta” por los tratamientos
que contienen Tarwi y “me gusta ligeramente” por la muestra patrón que no contiene
Tarwi y por parte de la textura presentación una calificación de “ me gusta” por todos
los tratamientos. En las características reológicas de la salsa de rocoto se utilizó un
viscosímetro digital de marca Fungilab Expert. En todos los tratamientos, la viscosidad
aparente disminuyó con la velocidad de cizalla demostrando un comportamiento “no
newtoniano” de tipo “plástico general”. La índice consistencia estuvo en el rango de
0.7133 y 0.8745 (n &lt; 1), el índice de comportamiento “k” en el rango de 4.1143 y 4.7249
Pa.sn , tensión de fluencia en el rango de 7.0620 y 8.989 Pa y finalmente, las
características fisicoquímicas de la salsa se obtuvo una acidez entre 1.038% a 1.054%
y un pH entre 3.850 a 3.963.";2017
Universidad César Vallejo;Efecto De La Temperatura Y Tiempo De Extracción, En El Rendimiento Y Fuerza Del Gel De Pectina Extraída De Borras Desechadas En El Proceso De Clarificación Durante La Elaboración De Vino Blanco;Rodríguez Iglesias, Cynthia Estefany;Ingeniero Agroindustrial;Barraza Jáuregui Gabriela del Carmen;"Se evaluó el  efecto de la temperatura y tiempo de extracción, en el rendimiento y fuerza de gel de pectina  extraída de borras desechadas en el proceso de clarificación durante la elaboración de vino blanco. La población estuvo conformada por 12 ensayos (4 tratamientos y 3 repeticiones), las cuales se evaluaron en su totalidad los parámetros rendimiento y fuerza de gel. Un análisis de varianza se usó para evaluar el efecto de dos temperaturas (85 y 95 °C) y tiempos de extracción (50 y 70 min) sobre el rendimiento de pectinas extraídas y su fuerza de gel. La comparación de medias fue hecha con el test de Duncan. El rendimiento no se encontró afectado por la temperatura y tiempo de extracción, ya que no presentó efecto significativo (p&gt;0.05), caso contrario ocurrió con la temperatura de extracción sobre la fuerza del gel de pectina extraída de borras desechadas en el proceso de clarificación durante la elaboración de vino blanco. El rendimiento obtenido fue  entre 1.07  y 1.27 % de pectina extraída de borras de vino blanco. El mejor tratamiento fue a una temperatura de 95 °C y tiempo de 50 min para obtener mayor valor de fuerza de gel (1.13) de pectina extraída de borras.";2014
Universidad César Vallejo;Estimación De La Vida Útil De Salsa De Persea Americana Mill (Palta) Var. Hass Envasada Al Vacío, Mediante Pruebas Aceleradas;Morillas Reynaga, Mariethe Norminha;Ingeniero Agroindustrial;Barraza Jáuregui Gabriela del Carmen;"El objetivo de esta investigación fue estimar la vida útil de una salsa de Persea americana Mill (Palta) var. Hass envasada al vacío, mediante pruebas aceleradas en función a la aceptabilidad general. El producto se almacenó a 5, 10 y 15 °C, durante 20 días. Se realizaron muestreos cada cinco días para cada temperatura en donde se evaluó el índice de pardeamiento (color), recuento de mohos y levaduras y la aceptabilidad general reclutando a 30 panelistas no entrenados (consumidores).
Los resultados indicaron que no existió efecto significativo sobre las evaluaciones del recuento de

mohos y levaduras, pero si existió efecto sobre el índice de pardeamiento (análisis de color)y en la aceptabilidad general (grado de satisfacción del producto).
El tiempo de vida útil se determinó mediante pruebas aceleradas, almacenando las muestras a las temperaturas de 5, 10 y 15 °C, evaluando la cinética de deterioro en función a la aceptabilidad general, que siguió una reacción de orden cero. El efecto de la temperatura se evaluó con la ecuación de Arrhenius, obteniéndose un valor de Energía de activación (Ea) de 39,36 kJ/mol. El tiempo de vida útil estimado de la salsa de Persea americana Mill (Palta) var. Hass envasada al vacío fue de 33.69 días a la temperatura de almacenamiento de 2 °C. El análisis estadístico se realizó empleando el software XLSTAT 2014.";2014
Universidad César Vallejo;Efecto De La Proporción De Viruta De Pinus Sylvestris L., Viruta De Eucalyptus Globulus L. Y Coronta De Zea Mays, En La Formulación De Sustratos, Sobre La Capacidad Productiva De Pleurotus Ostreatus.;García Quezada, Jorge Armando;Ingeniero Agroindustrial;Miano Pastor, Alberto Claudio;"El presente trabajo de investigación tuvo por objetivo evaluar el efecto de la proporción de viruta de Pinus sylvestris L, viruta de Eucalyptus globulus L, y coronta de Zea mays en la formulación de sustratos, sobre la capacidad productiva (Rendimiento, Eficiencia Biológica y Tasa de Producción) de Pleurotus ostreatus, para lo cual se empleó un Diseño Simplex con Centroide Ampliado realizándose un total de 10 tratamientos, tomando rangos entre 0 a 100 % p/p de cada sustrato. Se aplicó un análisis de varianza (ANOVA) encontrándose diferencia significativa (p&lt;0,05) entre los tratamiento y demostrando que la viruta de Eucalyptus globulus disminuye la capacidad productiva de Pleurotus ostreatus.  Se optimizó la mezcla de sustratos para obtener la máxima capacidad productiva, la cual fue 93,43% de viruta de Pinus sylvestris, 6,57% de coronta de Zea mays y 0% de viruta de Eucalyptus globulus L, obteniendo 18,18% de rendimiento, 50,05% de eficiencia biológica y 139,04% de tasa de producción. Finalmente se obtuvo un modelo correspondiente para cada variable dependiente (R2&gt;0.98) el cual tiene como utilidad la predicción de la capacidad productiva al utilizar los sustratos empleados en la presente investigación.";2014
Universidad César Vallejo;Efecto De La Concentración De Albumina De Huevo Y Tiempo De Batido En Las Características Físicas De Espuma De Pulpa De Sauco  (Sambucus Nigra) Con Fines De Deshidratación.;Cuccaro Arrieta, Miguel Alfredo;Ingeniero Agroindustrial;Barraza Jáuregui Gabriela del Carmen;"El  presente trabajo  de investigación  tuvo  por objetivo  evaluar  el  efecto de  la concentración  de albumina de huevo y tiempo de batido en las características físicas de la espuma (estabilidad, expansión) de pulpa de sauco (Sambucus nigra) para fines de deshidratación, para lo cual se empleó albumina de huevo como agente espumante; a concentraciones de 5-15% y tiempos de batido de
5-15% como niveles mínimos y máximos. Se realizó 13 tratamientos provenientes del diseño experimental de superficie de respuesta con diseño central compuesto rotacional.

Se aplicó un análisis de varianza (ANOVA) encontrándose diferencia significativa (p&lt;0,05), se obtuvo un R2 de 88.44% para la variable expansión y un R2  76.27% para la variable estabilidad, de lo cual se observa que el modelo sólo describe el fenómeno producido por la expansión de espuma. Dicha variable se optimizó para obtener los mejores resultados. Para expansión de espuma se tomaron como valores óptimos en concentración de albumina 16.58 % p/p y en tiempo de batido 10.94 min. La predicción para la óptima combinación fue de 415.25 % de expansión de espuma; dado que en estadística se trabaja con un intervalo de confianza del 95% tendremos dos límites: el inferior de
381. 29 % y el superior de 449.22 % de expansión de espuma. Finalmente mediante una prueba experimental se logró confirmar dichas predicciones validando correctamente la variable expansión de espuma.";2014
Universidad César Vallejo;Efecto De La Proporción De Pulpa De Zanahoria (Daucus Carota L.) En Las Características Físicoquímicas Y Aceptabilidad General De Un Helado Tipo Crema;García Cabrera, José Alexander;Ingeniero Agroindustrial;Pagador Flores, Sandra Elizabeth;"El presente trabajo de investigación tuvo por finalidad evaluar el efecto de la proporción de pulpa de zanahoria en las características fisicoquímicas y sensoriales de un helado tipo crema. Se tuvo como variable independiente a la proporción de pulpa de zanahoria (10, 20 y 30%) y     como variables dependientes paramétricas al overrun, pH, acidez, °Brix, contenido de proteína y grasa evaluados mediante un diseño de bloques completamente aleatorizados; sensorialmente para la textura los tratamientos se evaluaron mediante una prueba de ordenamiento de menor a mayor percepción  de  granulosidad,  y  una  prueba  afectiva  para  aceptabilidad  general,  donde  los panelistas ponderaron el nivel de agrado o desagrado de los tratamientos de helado tipo crema, para el análisis de datos sensoriales se usó la prueba de Friedman y Wilcoxon. Se determinó la existencia de efecto significativo (p&lt;0.05) de la proporción de pulpa de zanahoria sobre los °Brix y textura sensorial, caso contrario ocurrió para overrun, pH, acidez, contenido de proteína y grasa y aceptabilidad general. Se determinó que con una proporción de pulpa de zanahoria al 30% los parámetros  de pH, acidez, °Brix, contenido de grasa  y  proteína  se encontraron dentro de  los requisitos de la norma técnica peruana para helados tipo crema, además, hasta con este nivel de proporción la aceptabilidad general no presentó cambios considerables, se obtuvo la moda más alta de 9 puntos correspondiente a la percepción de “me agrada muchísimo” y en textura sensorial los tratamientos fueron ordenados como “más granulosos”.";2015
Universidad César Vallejo;Caracterización Fisicoquimica Y Reologica De Almidon De Arracacha (Arracacia Xanthorrhiza) Variedad Amarilla Procedente De La Provincia San Ignacio-Departamento De Cajamarca.;Alayo Sánchez, Brenda del Pilar;Ingeniero Agroindustrial y Comercio Exterior;Leon Marrou, Maria Elena;"En este trabajo de investigación se caracterizó las propiedades fisicoquímicas y reológicas del almidón de la arracacha (Arracacia xanthorrhiza) variedad amarilla procedente de la provincia de San Ignacio-Departamento de Cajamarca. Se extrajo el almidón y se evaluó su rendimiento, sus propiedades fisicoquímicas y reológicas. Los resultados obtenidos indican que el almidón presentó un rendimiento de 11.1%, con un contenido de humedad de 4.71 %, 0.27 % de cenizas, amilosa 15.16% y amilopectina 84.84%.Los gránulos de almidón mostraron en su gran mayoría formas poliédricas, con tamaños de 7 a 25μm.Además, presentó un índice de absorción de agua 16.03 g gel/ g muestra,   una baja solubilidad de 15.36 % y un poder de hinchamiento alto de 16.23 g agua. g–1 almidón. La temperatura de gelatinización del almidón es de 65.3 ºC, se observó una sinéresis a las 24 h 6.35 % y a las 48 h 6.9 %. Las suspensiones al 5% de almidón de la arracacha (Arracacia xanthorrhiza) variedad amarilla pre gelatinizado exhibieron un comportamiento de fluido no Newtoniano de tipo plástico general con esfuerzo cortante ד(0) 5.08 Pa., índice de comportamiento de
flujo de 0.61 e índice de consistencia m de 3.95 Pa.s";2015
Universidad César Vallejo;Estudio Económico Para La Instalación De Una Planta Procesadora De Panela Orgánica Y Su Impacto En La Economía De Los Agricultores Del Distrito De Cumba, Provincia Utcubamba, Región Amazonas (2015);Loaiza Colunche, Evert;Ingeniero Agroindustrial;Sánchez González, Jesús Alexander;"La agroindustria panelera en Perú se está desarrollando a pasos agigantados, principalmente en la Región Amazonas. En tal sentido, es importante conocer al detalle el proceso de producción de panela granulada y panela sólida, desarrollando tecnología local que permita hacer frente a los retos que involucran dicha agroindustria, por lo que, en el presente trabajo de investigación se ha diseñado una propuesta para la instalación de una planta procesadora de panela orgánica, en el Distrito de Cumba, Provincia de Utcubamba en la Región Amazonas,  iniciando con el estudio de mercado;  la  localización  y  tamaño  de  planta;  la  ingeniería  del  proyecto  que  consta  con  el diagrama de flujo de proceso, especificaciones de equipos, mano de obra, distribución de planta y especificación del terreno y construcción; luego se continuó con el balance de materia; estudio de impacto ambiental; estudio organizacional; estudio económico y financiero; conclusiones y recomendaciones.

La  necesidad  de  financiamiento  es  de  $  63259.31,  cuyas  fuentes  de  financiamiento  para  la inversión inicial (90%) tenemos   Fondo de Investigación y Desarrollo para la Competitividad (FIDECOM), liderado por el Ministerio de la Producción: El PIPEA (Proyectos de Innovación Productiva); El PIPEI (Proyectos de Innovación Productiva para Empresas Individuales) y El PIMEN (Proyectos Menores de Innovación Productiva); el 10% es capital propio y el capital de trabajo estará financiado por el Banco Continental. El proyecto es muy rentable, considerando una tasa de descuento del 14% obtenemos un VAN (valor actual neto) de S/. 746586.26 y un TIR (tasa interna de retorno) de 3583%, con un Periodo de recuperación de capital (PRC) de 2.41 años; Relación Beneficio/costo es de 1.60. Una buena sensibilidad del precio al reducir el precio hasta $
500 la tonelada de panela obtenemos un VAN de S/. 150085.13 y un TIR de 132%; no obstante si consideramos la demanda es 10% menos de lo que se prevé con un precio de $ 500 la tonelada de panela se tiene un VAN de S/. 32746.43 y un TIR de 32%, lo que indica muy buena rentabilidad.
De acuerdo a la perspectiva de los agricultores, la instalación de la planta panelera tendrá un impacto positivo en su economía.";2015
